# 8 MB flash layout for XIAO ESP32-S3. No OTA — reflashing is over USB-C, and the
# freed partition goes to the filesystem instead.
#
#   nvs       0x009000 + 0x005000 -> 0x00E000    0.02 MiB
#   app0      0x010000 + 0x300000 -> 0x310000    3.00 MiB
#   littlefs  0x310000 + 0x4E0000 -> 0x7F0000    4.875 MiB  (~2.7 min of audio overflow)
#   coredump  0x7F0000 + 0x010000 -> 0x800000    0.06 MiB
#
# LittleFS is overflow storage only. The primary audio buffer is PSRAM — see
# docs/PLAN_REVIEW.md section 7 for why.
#
# Name,     Type, SubType,  Offset,   Size,     Flags
nvs,        data, nvs,      0x9000,   0x5000,
app0,       app,  factory,  0x10000,  0x300000,
littlefs,   data, spiffs,   0x310000, 0x4E0000,
coredump,   data, coredump, 0x7F0000, 0x10000,
